SL,Category,Business Name,Street Address,City,State ,Zip,PhoneNumber,Email
Appliance Repair,Appliances & Repair,Zenon Repair,,,,,702 609 2333,
Appliance Repair,Appliances & Repair ,Goods Appliance Repair,,,,,702 704 5444,goodsappliancerepair@gmail.com
Appliance Repair,Appliances & Repair ,High Quality Service,9633 Crimson Ave,Las Vegas,NV,89129,702 431 3175,highqualityservice@hqslasvegas.com
Appliance Repair,Appliances & Repair ,Appliance Repair Experts,4920 W Cheyenne Ave,Las Vegas,NV,89130,702 515 1515,
Appliance Repair,Appliances & Repair ,Apex Appliance Repair,7612 Cruz Bay CT,Las Vegas,NV,89128,702 850 5613,Apexappliancerepair1@yahoo.com
Appliance Repair,Appliances & Repair ,Appliance Rescue,501 N Eastern Ave,Las Vegas,NV,89101,702 850 5613,appliancepartscenter@gmail.com
Appliance Repair,Handyman Appliances & Repair ,A Problem Solved Maintenance LLC,,Las Vegas,NV,89147,702 487 8875,info@aproblemsolvedllc.com
Appliance Repair,Appliances & Repair ,A Professional Appliance Repair,,Las Vegas,NV,,702 768 0944,
Appliance Repair,Appliances & Repair Appliances,American Appliance Company,889 S Rainbow Blvd Ste 609,Las Vegas,NV,89145,702 701 8557,americanappliancecompany@gmail.com
Appliance Repair,Appliances & Repair,Katanny Appliances Services,,Las Vegas,NV,89129,702 768 8540,
Appliance Repair,Appliances & Repair ,Emergency Appliance Repair,848 N Rainbow Blvd,Las Vegas,NV,89107,702 983 5922,emergencyappliancerepairlv@gmail.com
Appliance Repair,Appliances & Repair,Appliance Alliance,8323 Fort Hallock Ave,Las Vegas,NV,89131,702 366 1861,info@allhomeappliancelv.com
Appliance Repair,Appliances & Repair,Absolute Appliance Services,6655 Pendle Priory Ave,Henderson,NV,89011,702 496 3576,
Appliance Repair,Appliances & Repair,Econ-the Appliance People,6630 Arroyo Springs St,Las Vegas,NV,89113,702 384 4682,
Appliance Repair,Appliances & Repair,Las Vegas Refrigerator Repair,7537 S Rainbow Blvd,Las Vegas,NV,89139,702 838 6231,
Appliance Repair,Appliances & Repair,M&M Appliance,4829 Greencreek Dr,Las Vegas,NV,89110,702 354 8491,
Appliance Repair,Appliances & Repair ,Kirby Company Service of Las Vegas,5643 W Charleston Blvd,Las Vegas,NV,89146,702 362 9007,
Appliance Repair,Appliances & Repair ,Reliable Appliances,3421 E Tropicana Ave,Las Vegas,NV,89120,702 848 4526,
Appliance Repair,Heating & Air ConditioningHVAC Appliances & Repair,Royal Refrigeration Air Conditioning & Heating,5150 Arville St,Las Vegas,NV,89118,702 658 3445,contact@royalac.com
Appliance Repair,Appliances & Repair,Sunrise Appliance Service,,Las Vegas,NV,89101,702 457 0844,
Appliance Repair,Appliances & Repair Heating & Air ConditioningHVAC,AtCher Service,3281 N Decatur Blvd,Las Vegas,NV,89130,702 505 8111,
Appliance Repair,Appliances & Repair Heating & Air ConditioningHVAC,Pauls Washer and Dryer Repair,10624 S Eastern Ave,Henderson,NV,89052,702 218 4300,
Appliance Repair,Appliances & Repair Heating & Air ConditioningHVAC,GE Appliance Service,4610 Arville St,Las Vegas,NV,89103,702 733 1500,
Appliance Repair,Appliances & Repair Heating & Air ConditioningHVAC,All City Refrigeration,8550 W Charleston Blvd,Las Vegas,NV,89117,702 838 6231,
Appliance Repair,Appliances & Repair Heating & Air ConditioningHVAC,Appliance EMT Experts,,,,,702 347 0739,
Appliance Repair,Appliances & Repair Heating & Air ConditioningHVAC,GE Appliance Repair,,Las Vegas,NV,89136,702 433 4020,
Appliance Repair,Appliances & Repair ,Buylow Appliance Sales & Service,5730 Boulder Hwy,Las Vegas,NV,89122,702 433 4020,
Appliance Repair,Appliances & Repair ,Vegas Vacuum and Sewing,5965 W Sahara Ave,Las Vegas,NV,89146,702 364 1107,allvacuumsewing@msn.com
Appliance Repair,Appliances & Repair ,S.O.S. Appliance Service,,Las Vegas,NV,89130,702 720 9666,
Appliance Repair,Plumbing Appliances & Repair,The Water Heater Man,3700 Meade Ave,Las Vegas,NV,89102,702 222 0041,rcox@whmlv.com
Appliance Repair,Appliances & Repair ,A & R Appliance,1932 Western Ave,Las Vegas,NV,89102,702 384 6633,
Appliance Repair,Appliances & Repair ,A-1 Vacuum & Sewing,4069 W Charleston Blvd,Las Vegas,NV,89102,702 870 7986,
Appliance Repair,Appliances & Repair ,Two-Way Communications,4674 S Valley View Blvd,Las Vegas,NV,89103,702 739 7212,twowaycurt@earthlink.net
Appliance Repair,Appliances & Repair ,All Desert Appliances,222 S Rainbow Blvd,Las Vegas,NV,89145,702 472 9900,
Appliance Repair,Appliances & Repair ,Las Vegas Appliance Repair Doctors,1736 E Charleston Blvd,Las Vegas,NV,89104,702 291 7949,
Appliance Repair,Outlet Stores Appliances & Repair, Appliances,Smart Buy Appliance Outlet,5280 S Valley View Blvd,Las Vegas,NV,89118,702 601 3972,
Appliance Repair,Appliances & Repair ,Absolutely Elite Appliance,,Las Vegas,NV,,702 239 3697,
Appliance Repair,Appliances & Repair Heating & Air ConditioningHVAC,Rent Cold Air,6825 Speedway Blvd,Las Vegas,NV,89115,702 504 3636,
Appliance Repair,Appliances & Repair ,Elite Vacuums Plus,10170 W Tropicana Ave,Las Vegas,NV,89147,702 998 9990,
Appliance Repair,Appliances & Repair ,Payless Appliance Repair,(702) 689-2066,Las Vegas,NV,89123,,
Appliance Repair,Appliances & Repair ,All Valley Washer and Dryer Repair,6868 Sky Pointe Dr,Las Vegas,NV,89131,702 994 5157,
Appliance Repair,Appliances & Repair ,Appliance Parts Company,2001 S. Western Ave.,Las Vegas,NV,89102,702 382 6532,
Appliance Repair,Appliances & Repair ,Las Vegas Appliance Repair,3565 S Las Vegas Blvd,Las Vegas,NV,89109,702 302 4991,
Appliance Repair,Appliances & Repair ,Vegas Vacuum & Sewing,2243 N Rampart Blvd,Las Vegas,NV,89128,702 242 1725,allvacuumsewing@msn.com
Appliance Repair,Appliances & Repair ,Action Appliance,2245 N Decatur Blvd,Las Vegas,NV,89108,702 742 2531,
Appliance Repair,Appliances & Repair ,Elite Installs,3470 E Russell Rd,Las Vegas,NV,89120,702 758 4412,
Appliance Repair,Appliances & Repair ,Certified Appliance,3395 S Jones Blvd,Las Vegas,NV,89146,702 877 1000,
Appliance Repair,Appliances & Repair ,Kings Appliance Repair,6550 S Pecos Rd,Las Vegas,NV,89120,702 294 2900,mahlerappliance@optonline.net
Appliance Repair,Contractors Garage Door Services, Appliances & Repair ,Vantage Garage Doors,3651 Lindell Rd,Las Vegas,NV,89103,702 419 7559,vantagedoors@gmail.com
Appliance Repair,Appliances & Repair ,Las Vegas Appliance Service,1155 E Twain Ave,Las Vegas,NV,89169,702 358 0092,appliancesc@yahoo.com
Appliance Repair,Appliances & Repair ,Best Choice Appliance Repair,1905 Betsy Ross Dr,Las Vegas,NV,89108,702 835 2590,bestchoiceapplianceslv@gmail.com
Appliance Repair,Appliances Appliances & Repair, Kitchen & Bath ,AHS Group,4350 Arville St,Las Vegas,NV,89103,702 369 6318,ahsgroup@lvcoxmail.com
Appliance Repair,Appliances Appliances & Repair, Kitchen & Bath ,Red Rock Coffee Outfitters,,Las Vegas,NV,89106,702 964 7726,patrick@redrockcoffeeoutfitters.com
Appliance Repair,Appliances Appliances & Repair, Kitchen & Bath ,Reliable Pump & Motor,4105 W Bell Dr,Las Vegas,NV,89118,702 243 5116,info@rpmindustrial.com
Appliance Repair,Appliances Appliances & Repair, Kitchen & Bath ,Sun City Appliance Repair,6779 Flora Dr,Las Vegas,NV,89103,702 574 3899,suncityappliancerepair@gmail.com
Appliance Repair,Appliances Appliances & Repair, Kitchen & Bath ,Fidelity Appliances Services Team,,Las Vegas,NV,89145,702 506 8224,fidelityapplianceserviceteam@gmail.com
Appliance Repair,Appliances Appliances & Repair, Kitchen & Bath ,Allstate Appliances,4995 S Eastern Ave,Las Vegas,NV,89919,702 891 9112,mmgoodwin3@gmail.com
Appliance Repair,Appliances & Repair Appliances,Appliance Solutions,2500 Karen Ave,Las Vegas,NV,89121,702 488 4799,appliance.solutions@ymail.com
Appliance Repair,Appliances Appliances & Repair, Kitchen & Bath ,Sams Appliance Repair,8440 W Cliff Dr,Las Vegas,NV,89145,702 256 6212,sam@samsappliancerepair.com
Appliance Repair,Appliances & Repair Appliances,Champion Electronics,4425 E Stewart Ave,Las Vegas,NV,89110,702 531 3300,erickmedranoza@yahoo.com
Appliance Repair,Appliances & Repair Appliances,Wilshire Refrigeration & Appliance Inc.,,Las Vegas,NV,89103,800 427 3653,service@wilshirerefrigeration.com
Appliance Repair,Appliances & Repair,Mr Appliance of West Las Vegas,2284 Aragon Canyon St,Las Vegas,NV,89135,725 696 8690,info@MrAppliance.com
Appliance Repair,Heating & Air ConditioningHVAC Appliances & Repair ,Jet Stream Air LLC and Appliance,7450 Palmyra Ave,Las Vegas,NV,89117,443 763 1801,williamlowman.wl@gmail.com
Appliance Repair,Appliances & Repair,Insertcoins,3111 S Valley View,Las Vegas,NV,89102,702 518 4735,info@insertcoins.com
Appliance Repair,Appliances & Repair,Vegas Vacuum and Sewing,9711 S Eastern Avenue,Las Vegas,NV,89183,702 735 4900,allvacuumsewing@msn.com
Appliance Repair,Plumbing Heating & Air ConditioningHVAC, Appliances & Repair,Sunrise Mechanical Inc,7380 Commercial Way,Henderson,NV,89011,702 568 5500,service@sunrisehvac.com
Appliance Repair,Appliances & Repair,Ionized Water Company,8275 S Eastern Ave,Las Vegas,NV,89123,888 868 5428,info@ionized-water.co
Appliance Repair,Appliances & Repair,Appliance Repair Las Vegas,3925 Marble Mountain St,Las Vegas,NV,89129,702 989 2064,appointment@appliancerepairlasvegas.mobi
Appliance Repair,Outlet Stores Appliances & Repair, Appliances ,Sears Outlet,10405 South Eastern Ave,Henderson,NV,89052,702 361 3803,outlet@customerservice.sears.com
Appliance Repair,Appliances & Repair,Stone Free Commercial Services,,Las Vegas,NV,89131,702 255 7668,service@stonefreecommercialservices.com
Appliance Repair,Appliances & Repair Heating & Air ConditioningHVAC, Handyman,Aire Force One AC and Heat,,Henderson,NV,89014,702 339 4006,aireforce1@yahoo.com
Appliance Repair,Appliances & Repair Heating & Air ConditioningHVAC, Handyman,Banks Oreck Vacuum & Clean Home Centers,1205 W Warm Springs Rd,Henderson,NV,89014,702 964 1003,manchester@banksoreck.com
Appliance Repair,Contractors Plumbing, Damage Restoration,LV Restoration Inc.,500 N Rainbow Blvd,Las Vegas,NV,89107,725 777 0065,joe@lvrestoration.com
Carpenter,Handyman Plumbing, Heating & Air ConditioningHVAC ,WC Maintenance Services,8832 Borla Dr,Las Vegas,NV,89117,702 902 0982,wcmaintserv@yahoo.com
Carpenter,Handyman Landscaping,Sun City Lawn and Handymen Services,1733 Kassavian Ave,Las Vegas,NV,89104,702 980 1881,edgaritodoniz94@gmail.com
Carpenter,Handyman ,Sell Ready Handyman Services,848 N Rainbow Blvd Ste 101,Las Vegas,NV,89107,702 595 0388,sellreadycorp@gmail.com
Carpenter,Handyman ,Meyer Handyman Service,5850 Medallion Dr Ste 202,Las Vegas,NV,89122,702 610 5215,meyerhandymanservice@yahoo.com
Carpenter,Handyman,Handyman Restorations,6350 W Cheyenne Ave,Las Vegas,NV,89108,702 539 3969,handymanrestore@gmail.com
Carpenter,Handyman,Jemco Handyman Service,3925 Costa Mesa Ave,Las Vegas,NV,89110,702 502 4599,jemco.biz@gmail.com
Carpenter,Handyman,Handyman For Vegas,9752 Ocotillo Falls,Las Vegas,NV,89183,702 403 0830,handymanforvegas@gmail.com
Carpenter,Handyman Framing ,Hanging Around Town,2972 S Rainbow Blvd Ste A,Las Vegas,NV,89146,702 271 2038,info@hatlv.com
Carpenter,Handyman,R and R Services,,Las Vegas,,,702 289 5145,aaron@randrservicesnv.com
Carpenter,Handyman,Red Rock Handyman,11020 Napa Rdg,Las Vegas,NV,89144,702 353 6935,mark@redrockhandyman.com
Carpenter,Handyman,A Z Handyman,6895 E Lake Mead Blvd A6-176,Las Vegas,NV,89156,702 685 6377,a-zhandyman@cox.net
Carpenter,Electricians Handyman,A Helping Hand Handyman Services,1716 Linn Ln,Las Vegas,NV,89156,702 812 2103,jon@helpinghandlv.com
Carpenter,Handyman Painters,Zorro Remodelers,,Las Vegas,,,702 639 0569,customersupport@zorroremodelers.com
Carpenter,Handyman,JC On The Job,,Las Vegas,,,702 525 7661,JC@jconthejob.com
Carpenter,Appliances & Repair Heating & Air ConditioningHVAC, Handyman,Aire Force One AC and Heat,,Las Vegas,NV,89014,702 339 4006,aireforce1@yahoo.com
Carpenter,Handyman,Clocks and Locks,183 N Gibson Rd,Las Vegas,NV,89014,702 454 8444,clocksandlocks@aol.com
Carpenter,Handyman,McIntire Handyman and Remodeling Service,,Las Vegas,NV,89074,702 300 2925,jessemcintire1@gmail.com
Carpenter,Handyman,Exact Home Solutions,,Las Vegas,,,702 480 7277,shannon@exacthomesolutions.com
Carpenter,Handyman,First Stop Maintenance,124 Kola Street,Las Vegas,NV,89015,702 708 4463,info@firststopmaintenance.com
Carpenter,Personal Care Services Handyman, Home Health Care,Unique In-Home Care,,Las Vegas,NV,89052,702 527 2537,Admin@UniqueIHC.com
Carpenter,Handyman ,Akamai Handyman & Pool Service,,Las Vegas,,,702 423 0258,akamaihmps@outlook.com
Carpenter,Handyman ,Lake Front Pool & Spa,,Las Vegas,NV,89005,702 294 8000,info@lakefrontpools.com
Car Washing,Car Wash Auto Detailing,Windy City Wash and Wax,4790 Polaris Ave,Las Vegas,NV,89103,702 227 9274,Info@WindyCityWash.com
Car Washing,Auto Detailing Car Wash, Auto Repair ,EcoWash Automotive Center,7235 S Rainbow Blvd,Las Vegas,NV,89118,702 270 9274,ecowashautospa@yahoo.com
Car Washing,Car Wash Auto Detailing, Windshield Installation & Repair,Alamo Hand Car Wash,5705 S Rainbow Blvd,Las Vegas,NV,89118,702 876 3500,michael@alamohandcarwash.com
Car Washing,Car Wash Auto Detailing, Auto Glass Services,Flamingo Hand Car Wash,6047 W Flamingo Rd,Las Vegas,NV,89103,702 517 3387,
Car Washing,Car Wash,Desert Car Wash,7890 W Ann Rd,Las Vegas,NV,89149,702 534 0300,
Car Washing,Auto Detailing Car Wash,N&J Mobile Car Wash And Detail,7885 W Flamingo,Las Vegas,NV,89147,702 418 9887,
Car Washing,Car Wash,Quick & Clean Car Wash,3265 S Nellis Blvd,Las Vegas,NV,89121,702 629 6600,
Car Washing,Car Wash,Super Hand Car Wash,2250 S Maryland Pkwy,Las Vegas,NV,89104,702 715 8183,
Car Washing,Car Wash Body Shops,Oasis Hand Car Wash,3425 E Flamingo Rd,Las Vegas,NV,89121,702 433 3680,
Car Washing,Auto Detailing Car Wash,Alamo Hand Car Wash,2901 N Rancho Dr,Las Vegas,NV,89130,702 850 7258,
Car Washing,Auto Detailing Car Wash,Gloss-It Auto Detailing Studio,4060 W Hacienda Ave Ste 110,Las Vegas,NV,89118,702 252 4000,info@gloss-it.com
Car Washing,Car Wash,University Auto Spa,1196 E Tropicana Ave,Las Vegas,NV,89119,,
Car Washing,Car Wash Auto Detailing,Charleston West Car Wash,4820 W Charleston Blvd,Las Vegas,NV,89146,702 878 4825,bobscarwash@lvcoxmail.com
Car Washing,Smog Check Stations Car Wash,Super Smog One,1465 E Windmill Ln,Las Vegas,NV,89123,702 376 3811,
Car Washing,Car Wash Auto Detailing, Smog Check Stations,Premier Car wash,6451 W Charleston Blvd,Las Vegas,NV,89146,702 821 1808,
Car Washing,Car Wash Gas & Service Stations,Terrible Herbst,4090 S Maryland Pkwy,Las Vegas,NV,89119,702 735 8108,
Car Washing,Car Wash Gas & Service Stations,Splash N Dash Car Wash,7282 S Fort Apache Dr,Las Vegas,NV,89148,702 651 0007,
Car Washing,Car Wash,Terrible Herbst,4070 S Arville St,Las Vegas,NV,89103,702 364 2514,
Car Washing,Car Wash Convenience Stores,Terrible Herbst,11330 Southern Highlands Pkwy,Las Vegas,NV,89141,,
Car Washing,Gas & Service Stations Car Wash,Terrible Herbst,9415 W Tropicana Ave,Las Vegas,NV,89147,702 222 9429,
Car Washing,Car Wash,World Famous Glasshouse Carwash,1550 W Oakey Blvd,Las Vegas,NV,89102,702 366 0071,
Car Washing,Car Wash Gas & Service Stations,Terrible Herbst,7510 W Cheyenne,Las Vegas,NV,89129,702 395 0270,
Car Washing,Car Wash Convenience Stores,Fabulous Freddys,4350 S Durango Dr,Las Vegas,NV,89147,702 367 2250,
Car Washing,Gas & Service Stations Car Wash,Terrible Herbst,333 S Main St,Las Vegas,NV,89101,702 386 1747,
Car Washing,Car Wash Oil Change Stations, Gas & Service Stations,Fabulous Freddys,1101 S Fort Apache Rd,Las Vegas,NV,89117,702 967 1000,
Car Washing,Auto Detailing Car Wash,Vegas Pro Wash Mobile Detailing,,Las Vegas,NV,,702 460 5378,
Car Washing,Auto Detailing Car Wash,Premier Auto Wash,4975 E Charleston Blvd,Las Vegas,NV,89104,702 431 8177,
Car Washing,Car Wash,Heisenberg Car Launder,1717 S Decatur Blvd,Las Vegas,NV,89102,702 377 9307,
Car Washing,Gas & Service Stations Car Wash,Terrible Herbst,7301 W Lake Mead Boulevard,Las Vegas,NV,89128,702 869 0291,
Car Washing,Car Wash,Speedy Car Wash,1402 N Eastern Ave,Las Vegas,NV,89101,702 900 5136,
Car Washing,Gas & Service Stations Car Wash,Terrible Herbst,4075 S Buffalo Drive,Las Vegas,NV,89147,702 221 9902,
Car Washing,Car Wash Convenience Stores, Windshield Installation & Repair,Fabulous Freddys,7155 Grand Montecito Pkwy,Las Vegas,NV,89149,702 405 2960,
Car Washing,Auto Detailing Car Wash,DeTemple Mobile Detailing,4800 Charelston,Las Vegas,NV,89107,702 576 6939,
Car Washing,Car Wash,Bubbles Auto Spa,2535 S Torrey Pines Dr,Las Vegas,NV,89146,702 489 7990,
Car Washing,Car Wash,Foster Day Car Wash,7501 Alta Dr,Las Vegas,NV,89145,702 605 2127,
Car Washing,Gas & Service Stations Car Wash,Terrible Herbst,6915 Blue Diamond Rd,Las Vegas,NV,89178,702 492 0261,
Car Washing,Car Wash Auto Detailing, Gas & Service Stations,Showtime Carwash,5893 W Tropicana Ave,Las Vegas,NV,89103,702 889 6511,info@showtimecarwash.com
Car Washing,Car Wash,Quick N Clean Car Wash,5550 W Charleston Blvd,Las Vegas,NV,89146,480 444 8060,info@quicknclean.net
Car Washing,Auto Detailing Car Wash, Smog Check Stations,Country Club Auto Spa,9260 S Eastern Ave,Las Vegas,NV,89123,702 614 6146,countryclubautospa@gmail.com
Car Washing,Gas & Service Stations Propane, Car Wash,Red Rock Chevron,8500 W Charleston Blvd,Las Vegas,NV,89117,702 255 2272,lubetek@chevron.com
Car Washing,Car Wash,Friendly Bear Full Service Hand Car Wash,895 N Nellis Blvd,Las Vegas,NV,89110,702 531 0900,annotationstar@2x.png
Car Washing,Gas & Service Stations Car Wash, Smog Check Stations,Sinclair Choice,8095 S Rainbow Blvd,Las Vegas,NV,89139,702 589 2840,david_sinclair@hms.harvard.edu
Car Washing,Auto Detailing Car Wash, Wheel & Rim Repair,The Specialists Automotive Detail Studio,6275 Hinson St,Las Vegas,NV,89118,702 580 6027,steve@superiordetailer.com
Car Washing,Car Wash Oil Change Stations, Auto Detailing,Fabulous Freddys Summerlin,9611 Trailwood Dr,Las Vegas,NV,89134,702 942 3170,ajax-loader@2x.gif
Car Washing,Auto Detailing,The Best Detail,8566 Hogan Falls Cir,Las Vegas,NV,89123,702 577 2470,peter@thebestdetail.com
Car Washing,Car Wash,Sparkle Car Wash,9780 W Tropicana Ave,Las Vegas,NV,89147,702 362 3150,info@speedysparklecarwash.com
Car Washing,Car Wash Smog Check Stations,Oasis Car Wash and Smog,2080 E Warm Springs Rd,Las Vegas,NV,89119,702 914 7878,Jdlv1@cox.net
Car Washing,Car Wash,Vegas Suds Carwash,3810 N Jones Blvd,Las Vegas,NV,89108,702 641 0970,jim@nvwash.com
Car Washing,Car Wash Convenience Stores,Fabulous Freddys,4350 S Durango Dr,Las Vegas,NV,89147,702 367 2250,ajax-loader@2x.gif
Car Washing,Car Wash,Platinum Plus Mobil Car Wash,953 E Sahara Ave,Las Vegas,NV,89104,702 731 9004,hello@platinumcarwashandoil.com
Car Washing,Car Wash Oil Change Stations, Gas & Service Stations,Fabulous Freddys,1101 S Fort Apache Rd,Las Vegas,NV,89117,702 967 1000,ajax-loader@2x.gif
Car Washing,Convenience Stores Gas & Service Stations, Car Wash,Peak Mart,9010 W Flamingo Rd,Las Vegas,NV,89147,702 233 8061,edgar@eltonoptics.com
Car Washing,Auto Detailing Car Wash,Paradise Mobile Detail,,Las Vegas,NV,89144,702 448 2300,james@paradisedetail.com
Car Washing,Auto Detailing Car Wash,MAD Mobile Auto Detailing,4510 W Diablo DrSte 111,Las Vegas,NV,89118,702 540 6213,MADMOBILEDETAIL@AOL.COM
Car Washing,Gas & Service Stations Convenience Stores, Car Wash,Chevron,1196 E Tropicana Ave,Las Vegas,NV,89119,702 736 0838,media@chevron.com
Car Washing,Auto Detailing Car Wash, Car Stereo Installation,Xtreme Image,4991 Merrill Ave,Las Vegas,NV,89120,702 400 1283,xtremeimage2005@Yahoo.com
Car Washing,Gas & Service Stations Car Wash,Fills No 2,6985 S Rainbow Blvd,Las Vegas,NV,89118,702 307 8659,info@fillsgas.com
Car Washing,Car Wash Auto Detailing,Ecos Auto Detail,304 N Wallace Dr,Las Vegas,NV,89107,702 606 9274,ecosautodetail@gmail.com
Car Washing,Car Wash,Blue Beacon,2932 Losee Rd,Las Vegas,NV,89030,702 642 4999,wash@BlueBeacon.com
Car Washing,Car Wash,Valle Verde Hand Car Wash,5790 E Charleston Blvd,Las Vegas,NV,89142,702 336 7098,richardest5@40me.com
Car Washing,Convenience Stores Gas & Service Stations, Car Wash,Fills,7110 S Durango Dr,Las Vegas,NV,89113,702 454 5505,info@fillsgas.com
Car Washing,Gas & Service Stations Car Wash, Convenience Stores,Get N Go,3366 St. Rose Pkwy,Henderson,NV,89052,702 260 0280,lubetek@chevron.com
Car Washing,Auto Detailing Car Wash,White Glove Auto Spa,,Henderson,NV,89052,702 832 5533,inquiry@whitegloveauto.com
Car Washing,Car Wash Auto Detailing,Vegas Pressure Clean,3451W Martin Ave,Las Vegas,NV,89118,702 577 0894,Vegaspressureclean@gmail.com
Car Washing,Auto Detailing Car Wash,Famous Auto Detailing,,Las Vegas,NV,89128,702 277 5303,keith@famousdetailing.com
Car Washing,Car Wash,Luxury Auto Spa,3655 S Fort Apache Road,Las Vegas,NV,89147,702 645 2347,contact@DomainMarket.com
Car Washing,Auto Detailing,Sin City Mobile Detailing,768 Rustic Desert Pl,Henderson,NV,89011,702 533 0516,customercare@help.mindspark.com
Car Washing,Auto Detailing Car Wash,Sunnys Auto Spa and Detail LLC,3216 E Fremont St,Las Vegas,NV,89104,702 494 7722,heredetailing4u@gmail.com
Car Washing,Gas & Service Stations Convenience Stores, Car Wash,Chevron Station,3061 St Rose Pkwy,Henderson,NV,89052,702 896 7081,fueltek@chevron.com
Car Washing,Car Wash Gas & Service Stations,7-Eleven,2525 Deer Springs Way,Las Vegas,NV,89084,702 733 7111,Franchise.Inquiries@7-11.com
Car Washing,Gas & Service Stations Car Wash,Rebel,250 W Craig Rd,Las Vegas,NV,89031,702 642 4142,warehouse@rebeloil.com
Car Washing,Car Wash,Sparkle Mobile Car Wash,8316 Ashkum St,Las Vegas,NV,89149,702 374 4468,info1@sparklemobilecarwash.com
Car Washing,Auto Detailing Car Wash,Monarch Car Care,,Las Vegas,NV,89135,702 326 2724,david@monarchcarcare.com
Car Washing,Auto Detailing,Convenience Crew,848 N. Rainbow Blvd,Las Vegas,NV,89107,702 610 4153,hello@burgerlover.com
Car Washing,Carpet Cleaning Auto Detailing, Car Wash,A & A Auto Detailing,,Las Vegas,NV,89110,702 505 2458,andy0974@gmail.com
Car Washing,Auto Detailing Car Wash,Bravo Detailing,231 W Horizon Ridge Pkwy,Henderson,NV,89012,702 373 6739,jbravodetailing@gmail.com
Car Washing,Auto Detailing Car Wash,Las Vegas Professional Detailing,809 Biljac St,Las Vegas,NV,89145,702 773 6219,Detail@LVPD.email
Car Washing,Auto Detailing Pressure Washers,Clean Freaks Mobile Detailing,4538 Palm Mesa Dr,Las Vegas,NV,89120,702 544 0424,mike@mobilecleanfreaks.com
Car Washing,Auto Detailing,G.O.A.T. Mobile Detailing & Services,,,,,702 587 9183,goatmobiledas @gmail.com
Car Washing,Carpet Cleaning Auto Detailing,Jays Mobile Detail & Carpet Cleaning,9117 Ripple Ridge Ave,Las Vegas,NV,89136,702 480 8682,jayzmobiledetail@aol.com
Carpet Cleaning,,,,,,,,
Carpet Cleaning,Carpet Cleaning Damage Restoration, Pressure Washers ,Noble Carpet Cleaners,7770 Duneville St Ste 4,Las Vegas,NV,89139,702 675 4348,service@noblecapetcleanerslv.com
Carpet Cleaning,Carpet Cleaning Damage Restoration,Carpet Monkeys Of Las Vegas,8985 S Durango Dr,Las Vegas,NV,89113,702 561 3560,
Carpet Cleaning,Carpet Cleaning Office Cleaning,J2 Cleaning Las Vegas,7437 S Eastern Ave Ste 424,Las Vegas,NV,89123,702 880 7890,mail@j2clean.com
Carpet Cleaning,Carpet Cleaning Office Cleaning,Turbo Clean Pro Carpet Cleaning,4894 W Lone Mountain Rd Ste 148,Las Vegas,NV,89130,702 622 1200,info@turbocleanlv.com
Carpet Cleaning,Carpet Cleaning ,Eco Friend Carpet Care,9154 badby ave,Las Vegas,NV,89148,702 768 4900,
Carpet Cleaning,Carpet Cleaning Carpeting,Care-Pro Carpet Cleaning,,,,,702 468 6813,
Carpet Cleaning,Carpet Cleaning,Aardvark Affordable,8331 Campana Drive,Las Vegas,NV,89147,702 873 7500,hallubarsky@gmail.com
Carpet Cleaning,Carpet Cleaning ,Heavens Best Carpet Cleaning,,,,,702 454 1900,billcleland@cleanworldlv.com
Carpet Cleaning,Carpet Cleaning,Scrub Buds,4646 Fiesta Way,Las Vegas,NV,89121,702 272 3319,billcleland@cleanworldlv.com
Carpet Cleaning,Home Cleaning Carpet Cleaning,Eco Clean,4075 Abernathy Forest Pl,Las Vegas,NV,89141,702 757 1137,ecocleanlasvegas@gmail.com
Carpet Cleaning,Carpet Cleaning,Best Carpet Cleaning Co,,,,,702 604 4420,
Carpet Cleaning,Home Cleaning Carpet Cleaning, Office Cleaning,NaturalDry Carpet Cleaning,3650 Great Bear St,Las Vegas,NV,89147,702 750 7093,CustomerCare@NaturalDry.com
Carpet Cleaning,247 Carpet & Floor Care,Carpet Cleaning ,9505 Teton Vista Ave,Las Vegas,NV,89117,702 472 5547,
Carpet Cleaning,Carpet Cleaning ,Complete Carpet & Tile Care,,,,,702 201 6121,
Carpet Cleaning,Carpet Cleaning,Las Vegas Carpet Cleaning Organization,7034 Palisade Dr,Las Vegas,NV,89103,702 330 8472,
Carpet Cleaning,Carpet Cleaning,Happy Carpet & Upholstery Cleaning,8220 Waterfall Ranch Ct.,Las Vegas,NV,89131,702 648 1212,
Carpet Cleaning,ome Cleaning Office Cleaning, Carpet Cleaning ,Pristine Cleaning,5637 Cameron St,Las Vegas,NV,89118,702 848 3993,info@pristinehousecleaning.com
Carpet Cleaning,Home Cleaning Carpet Cleaning, Office Cleaning,Proficient Clean,4952 S Rainbow Blvd Ste 226,Las Vegas,NV,89118,702 703 4148,GetCleaned@ProficientClean.com
Carpet Cleaning,Home Cleaning Carpet Cleaning, Window Washing,Avanti Green Eco Cleaning,10161 Park Run Dr Ste 120,Las Vegas,NV,89145,702 527 2111,customerservice@avantigreen.com
Carpet Cleaning,Home Cleaning Carpet Cleaning,Jays Carpet Cleaning,1409 Dream Bridge Dr,Las Vegas,NV,89144,702 430 7497,jayscarpetcleaninglv@gmail.com
Carpet Cleaning,Carpet Cleaning,Service Clean,,,,,702 660 2041,
Carpet Cleaning,Personal Touch Carpet Cleaning,Carpet Cleaning ,,,,,702 499 7847,PTCARPETCLEANING@YAHOO.COM
Carpet Cleaning,Carpet Cleaning,Stanley Steemer Carpet Cleaner,,,,,702 361 2277,
Carpet Cleaning,Carpet Cleaning Heating & Air ConditioningHVAC,Raysco,3995 W Quail Ave Ste D,Las Vegas,NV,89118,702 837 4914,info@rayscoinc.com
Carpet Cleaning,Carpet Cleaning Carpeting,Precision Chem-Dry,3320 Sunrise Ave Ste 110,Las Vegas,NV,89101,702 438 2436,
Carpet Cleaning,Home Cleaning Carpet Cleaning,A1 Carpet Care,2626 S Rainbow Blvd Ste 202,Las Vegas,NV,89146,702 871 9933,
Carpet Cleaning,Carpet Cleaning,Keep It Clean,8825 Arabian Filly Ave,Las Vegas,NV,89143,844 568 1518,keepitcleanlasvegas@gmail.com
Carpet Cleaning,Carpeting Carpet Cleaning,Champion Carpet Cleaning,,,,,702 510 4691,
Carpet Cleaning,Carpet Cleaning ,New Concept Cleaning,,,,,702 545 7813,newconceptcleaning@gmail.com
Carpet Cleaning,Carpet Cleaning,Magic Mike Carpet Cleaning,20 E Serene Ave. Suite 303,Las Vegas,NV,89123,702 443 3630,
Carpet Cleaning,Carpet Cleaning ,Fresh Start Carpet Cleaning,1645 Ravanusa,Henderson,NV,89052,702 283 3302,cfreshstart@gmail.com
Carpet Cleaning,Carpet Cleaning Window Washing ,Fresco Carpet Cleaning,,,,,702 340 9377,
Carpet Cleaning,Carpet Cleaning Auto Detailing,Jays Mobile Detail & Carpet Cleaning,9117 Ripple Ridge Ave Ste 101,Las Vegas,NV,89136,702 480 8682,jayzmobiledetail@aol.com
Carpet Cleaning,Carpet Cleaning Office Cleaning ,Zerorez- Las Vegas,7540 Dean Martin Dr Ste 503,Las Vegas,NV,89139,702 567 0016,hello@zerorezlv.com
Carpet Cleaning,Home Cleaning Carpet Cleaning,Road Runner Carpet Care,8985 S Eastern Ave Ste 325,Las Vegas,NV,89123,702 262 6061,
Carpet Cleaning,Carpet Cleaning Furniture Reupholstery,Ecodry Carpet Cleaning,8025 W Russell Rd,Las Vegas,NV,89113,702 292 4252,
Carpet Cleaning,Carpet Cleaning Damage Restoration, Pressure Washers,Best Clean Carpet & Upholstery Cleaning,7065 W Ann Rd Ste 130 -122,Las Vegas,NV,89130,702 478 9036,
Carpet Cleaning,Home Cleaning Office Cleaning, Carpet Cleaning,E Crew Carpet Cleaning & Tile Cleaning,4760 S Pecos Rd Ste 103,Las Vegas,NV,89121,702 521 8738,info@ecrew.vegas.com
Carpet Cleaning,Carpet Cleaning ,Star Chem-Dry,5000 W Oakey Blvd Ste E6,Las Vegas,NV,89146,702 878 7827,starchemdry@yahoo.com
Carpet Cleaning,Carpet Cleaning,Oxi Fresh of Las Vegas Carpet Cleaning,10870 W Charleston Blvd,Las Vegas,NV,89135,702 824 9401,
Carpet Cleaning,Carpet Cleaning,Keystone Carpet Care LLC,2756 N Green Valley Pkwy Ste 409,Henderson,NV,89014,702 597 9606,info@KeystoneServicesLV.com
Carpet Cleaning,Home Cleaning Office Cleaning, Carpet Cleaning,Caros Cleaning Solutions,7789 Soda Canyon St,Las Vegas,NV,89139,702 327 5514,info@caroscleaningsolutions.com
Carpet Cleaning,Carpet Installation Carpet Cleaning,Carpet Green Clean,3111 S Valley View Blvd Ste E133,Las Vegas,NV,89108,702 478 4782,info@drycarpetslv.com
Carpet Cleaning,Carpeting Carpet Cleaning, Damage Restoration,A-1 Carpet Masters,6125 Halifax Cir,Las Vegas,NV,89107,702 259 6500,
Carpet Cleaning,Carpet Cleaning ,Ivys Carpet Care,4520 Harmon Cir,Las Vegas,NV,89122,702 372 8926,
Carpet Cleaning,Carpet Cleaning Heating & Air ConditioningHVAC,Sears Carpet Cleaning & Air Duct Cleaning,4355 W Reno Ave Suite 1,Las Vegas,NV,89118,702 736 8150,
Carpet Cleaning,Home Cleaning Carpet Cleaning,Absolutely Spotless,,,,,702 339 0234,
Carpet Cleaning,Carpet Cleaning ,Southwest Chem-Dry,6165 Harrison Dr. Ste 11,Las Vegas,NV,89120,702 712 4303,
Carpet Cleaning,3535 W Harmon Ave Ste G,Carbonated Solutions of Las Vegas,3535 W Harmon Ave Ste G,Las Vegas,NV,89103,702 423 6092,
Carpet Cleaning,Carpet Cleaning ,Alliance Carpet Cleaning,4075 Abernethy Forest Pl,Las Vegas,NV,89141,702 772 2590,allianceccs@gmail.com
Carpet Cleaning,Carpet Cleaning ,Sunrise Carpet & Upholstery Cleaning,,,,,702 454 5393,louissarti7@gmail.com
Carpet Cleaning,Home Cleaning Office Cleaning, Carpet Cleaning,Clean-Mart,4580 W Sahara Ave,Las Vegas,NV,89102,702 870 3900,clean-mart@hotmail.com
Carpet Cleaning,Carpet Cleaning Flooring ,A One Carpet Cleaning,3320 S Fort Apache Rd,Las Vegas,NV,89117,702 795 3333,sales@interdeal.co.il
Carpet Cleaning,Home Cleaning Carpet Cleaning,Carol Kings Cleaning LLC,780 S Rampart,Las Vegas,NV,89145,702 202 3915,cking@carolkingscleaning.com
Carpet Cleaning,Carpet Cleaning,J2 Carpet Cleaning of Henderson,8170 S Eastern Ave Ste 4-424,Las Vegas,NV,89123,702 880 7890,mail@j2clean.com
Carpet Cleaning,Carpet Cleaning Home Cleaning ,Blue Bird Carpet Cleaning,3711 Vegas Dr,Las Vegas,NV,89108,702 645 7070,info@bluebirdcarpet.com
Carpet Cleaning,Carpet Cleaning Damage Restoration,Green Carpet Cleaning Pros,6130 W Flamingo Rd Ste 381,Las Vegas,NV,89103,888 233 7613,Cleanersnv@gmail.com
Carpet Cleaning,Home Cleaning Carpet Cleaning,Sunshine Cleaning,2430 N Decatur Blvd. Ste 120,Las Vegas,NV,89108,702 810 0921,sunshinecleaninglv@gmail.com
Carpet Cleaning,Home Cleaning Office Cleaning, Carpet Cleaning,Las Vegas Cleaning Service,9680 W Tropicana,Las Vegas,NV,89147,702 788 0221,Joe@LasVegasCleaningService.com
Carpet Cleaning,Office Cleaning Carpet Cleaning, Flooring,First Choice Carpet and Tile Care,,,,,702 565 4983,service@firstchoicecarpetlv.com
Carpet Cleaning,Carpet Cleaning,Pride Cleaning Services,,,,,702 541 5000,Pridecarpetcleaninglv@gmail.com
Carpet Cleaning,Office Cleaning Carpet Cleaning,MC Carpet Cleaning,813 Sportsman Dr,Las Vegas,NV,89107,702 237 4751,Info@mccarpetcleaninglv.com
Carpet Cleaning,Home Cleaning Carpet Cleaning, Office Cleaning,Mayberrys Maids,4855 W Desert Inn Rd Ste 105,Las Vegas,NV,89102,702 474 6243,WeCleanLasVegas@aol.com
Carpet Cleaning,Carpet Cleaning,AAA Carpet Cleaning,2550 E Desert Inn Rd Ste 118,Las Vegas,NV,89121,702 458 2870,ourstudio@somemail.com
Carpet Cleaning,Carpet Cleaning,Wall To Wall Carpet Cleaning,,,,,702 579 7799,walltowallhomeservices@gmail.com
Carpet Cleaning,Office Cleaning Home Cleaning, Carpet Cleaning ,Valley Star Maids,5914 Bushra Ct,Las Vegas,NV,89110,702 706 0206,Serviceteam@valleystarmaids.com
Carpet Cleaning,Home Cleaning Carpet Cleaning, Dog Walkers ,HoneySchedule,3995 W Quail Ave,Las Vegas,NV,89118,661 622 2226,team@honeyschedule.com
Carpet Cleaning,Home Cleaning Office Cleaning, Carpet Cleaning,Marvelous Maids,,,,,323 535 8743,scando126@gmail.com
Carpet Cleaning,Office Cleaning Home Cleaning, Carpet Cleaning ,Peachy Clean Janitorial Services,4350 Sanderling Cir,Las Vegas,NV,89103,702 706 8644,peachycleanlv@gmail.com
Carpet Cleaning,Office Cleaning Carpet Cleaning, Flooring,Seven Days Janitorial & Carpet Cleaning,,,,,702 428 8803,efrain@sevendaysjanitorial.com
Carpet Cleaning,Carpet Cleaning Home Décor,Ultraviolet Carpet Cleaners,1101 E Tropicana Suite 2170,Las Vegas,NV,89119,702 937 1937,uvcarpetcleaners@gmail.com
Carpet Cleaning,Carpet Cleaning ,Servicemaster by Al,,,,,702 436 4421,sales@smclean.com
Carpet Cleaning,Carpet Cleaning,Las Vegas Tile & Grout Cleaning,916 Bob Barney Ave,North Las Vegas,NV,89086,702 595 8178,lvtandg@gmail.com
Carpet Cleaning,Carpet Cleaning Home Cleaning,Universal Carpet Care,3111 S Valley View Blvd,Las Vegas,NV,89102,702 220 9003,info@universalcarpetcare.com
Carpet Cleaning,Carpet Cleaning,Eco Clean,3960 Howard Hughes Pkwy,Las Vegas,NV,89169,702 277 3814,ecocleanlasvegas@gmail.com
Computer Repair,,,,,,,,
Computer Repair,IT Services & Computer Repair ,Compudoc Computer Repair,708 S Jones Blvd,Las Vegas,NV,89107,702 871 1881,
Computer Repair,IT Services & Computer Repair Electronics Repair,Computers,Computer Doctor BG,4075 S Durango Dr Ste 105-B,Las Vegas,NV,89147,702 802 3300,
Computer Repair,IT Services & Computer Repair ,Computer Repair Las Vegas,2741 Losee Rd Ste K,North Las Vegas,NV,89030,702 608 2123,Contact@CRLV.com
Computer Repair,IT Services & Computer Repair Shipping Centers, Notaries,Tech Mail,5455 S Fort Apache Rd Ste 108,Las Vegas,NV,89148,702 363 4499,service@attechmail.com
Computer Repair,IT Services & Computer Repair,ICU Computer Solutions,9550 S Eastern Ave Ste 225,Las Vegas,NV,89123,702 696 8872,info@icucomputer.com
Computer Repair,T Services & Computer Repair Electronics Repair,NVpcfix Computers,9330 W Sahara Ave Ste 150,Las Vegas,NV,89117,702 982 1320,info@nvpcfix.com
Computer Repair,IT Services & Computer Repair Electronics Repair, Computers,Neon Computers,6830 S Rainbow Blvd Ste 150,Las Vegas,NV,89118,702 240 6366,info@neoncomputers.com
Computer Repair,Electronics Repair IT Services & Computer Repair,iRepairs Wireless,3735 Spring Mountain Rd Ste 202,Las Vegas,NV,89102,702 927 6912,info@iphonerepairsvegas.com
Computer Repair,Mobile Phone Repair,Gadget Experts Computer Solutions,7920 S Rainbow Blvd Ste 125,Las Vegas,NV,89139,702 848 1555,
Computer Repair,Electronics Repair IT Services & Computer Repair ,Smart Fix Las Vegas,3355 Spring Mountain Rd Ste 9,Las Vegas,NV,89103,702 875 4050,
Computer Repair,IT Services & Computer Repair,Simple Computer Repair,1000 N Green Valley Pkwy,Henderson,NV,89074,702 483 5464,
Computer Repair,IT Services & Computer Repair ,SpeakGeek PCs,9484 S Eastern Ave Ste 278,Las Vegas,NV,89123,702 758 5569,service@speakgeekpcs.com
Computer Repair,Mobile Phone Repair Data Recovery ,Wireless Doctor Computer Solutions,8550 W Charleston Blvd Ste 108,Las Vegas,NV,89117,702 487 3115,
Computer Repair,Mobile Phone Repair Data Recovery,Smart Fix Summerlin,8221 W Charleston Blvd Ste 107,Las Vegas,NV,89117,702 979 9400,
Computer Repair,Mobile Phone Repair Electronics Repair,Wireless Doctor Computer Solutions,7377 S. Jones Ave.Ste 111,Las Vegas,NV,89139,702 488 4222,
Computer Repair,Mobile Phone Repair,Vegas Computer & Wireless Doctor,923 S Decatur Blvd,Las Vegas,NV,89107,702 354 6000,leo@vegascomputerdoctor.com
Computer Repair,Mobile Phone Repair Electronics Repair,Affordable Technology Repairs,2960 S Durango Dr Ste 113,Las Vegas,NV,89117,702 704 9005,
Computer Repair,IT Services & Computer Repair Computers,Big Sky Computers Llc,600 W Sunset Rd Ste 104,Henderson,NV,89011,702 243 1775,bigskycomputers@hotmail.com
Computer Repair,Mobile Phone Repair Electronics Repair,One Stop Wireless,9890 S Maryland PkwySte 23,Las Vegas,NV,89183,702 269 1366,
Computer Repair,IT Services & Computer Repair Computers,Century 23 Computers & Technology,5000 W Oakey Blvd Ste B5,Las Vegas,NV,89146,702 870 1534,
Computer Repair,IT Services & Computer Repair,TLC Computer Solutions,7501 W Lake Mead Blvd Ste 112,Las Vegas,NV,89128,702 275 8455,info@tlcpcsolutions.com
Computer Repair,Mobile Phone Repair Electronics Repair,iMergency Las Vegas,9680 W Tropicana Ave Ste 135,Las Vegas,NV,89147,702 247 6850,fixyourpda@gmail.com
Computer Repair,Electronics Repair Mobile Phone Repair,Wireless Doctor Computer Solutions,4990 W Craig Rd Suite 12,Las Vegas,NV,89130,702 675 4774,
Computer Repair,Mobile Phone Repair,Fixitup Iphone and IPad Repair,3311 S Rainbow Blvd Suite 101,Las Vegas,NV,89146,626 873 3697,
Computer Repair,Electronics Repair IT Services & Computer Repair,iFixit,3720 W Tropicana Ave Ste 13,Las Vegas,NV,89103,702 501 7504,
Computer Repair,IT Services & Computer Repair Computers ,Duke of Computers,8447 W Lake Mead Blvd,Las Vegas,NV,89128,702 586 0950,info@dukeofcomputers.com
Computer Repair,Electronics Repair Mobile Phone Repair,Desert Wireless iPhone Repair,1500 E Tropicana AveSte 226,Las Vegas,NV,89119,702 339 0992,desert.wireless@yahoo.com
Computer Repair,PC Laptops,Computers IT Services & Computer Repair,390 N Stephanie St Ste 102,Henderson,NV,89014,702 940 7283,corporate@pclaptops.com
Computer Repair,IT Services & Computer Repair,Abcd Computers,6625 Navio Dr,Las Vegas,NV,89103,702 253 0091,pete@abcdcomputers.com
Computer Repair,IT Services & Computer Repair,Computer Medics,,Las Vegas,NV,89101,702 270 4550,
Computer Repair,Mobile Phone Repair,Cell Circle,6280 S Valley View Blvd Ste 108,Las Vegas,NV,89118,702 202 0131,
Computer Repair,IT Services & Computer Repair,Doctors of Technology Computer Repair,2560 E Sunset RdSte 111,Las Vegas,NV,89120,702 277 0000,
Computer Repair,Web Design IT Services & Computer Repair, Home Network Installation,The Computer Guys Las Vegas,3571 E Sunset Rd Ste 208,Las Vegas,NV,89120,702 944 9635,
Computer Repair,IT Services & Computer Repair,LVIT Computer Repair,2545 S Torrey Pines,Las Vegas,NV,89146,702 334 2323,Sales@lvit.com
Computer Repair,Electronics Repair Mobile Phone Repair,My Computer Bytes,1033 S Rainbow Blvd,Las Vegas,NV,89145,702 331 1800,
Computer Repair,IT Services & Computer Repair Computers,Supertech Computers,2927 W Sahara Ave,Las Vegas,NV,89102,702 382 1119,
Computer Repair,Mobile Phone Repair Electronics Repair,Phones and Computer Repairs FixZone,7035 W Sahara Ave Ste 500,Las Vegas,NV,89117,725 222 6555,info@fixzonelv.com
Computer Repair,IT Services & Computer Repair Computers, Electronics Repair,Laptop Xchange,3823 Spring Mountain Rd,Las Vegas,NV,89102,702 878 8500,NV10002@devicepitstop.com
Computer Repair,IT Services & Computer Repair Computers,Sin City PC,9640 W Tropicana Ave Ste 118,Las Vegas,NV,89147,702 518 9544,support@sincitypc.com
Computer Repair,Electronics Repair Mobile Phones, Mobile Phone Repair,uBreakiFix,695 N Stephanie St,Henderson,NV,89014,702 485 2889,support@uBreakiFix.com
Computer Repair,Mobile Phone Repair,Go Gadgets,5030 Paradise RdSte B202,Las Vegas,NV,89119,702 202 9506,go_gadgets@hotmail.com
Computer Repair,Mobile Phone Repair,iFIX LV,3909 W Sahara Ave Ste 6,Las Vegas,NV,89102,702 388 4349,
Computer Repair,Web Design Software Development, Data Recovery,Doctors of Technology,3655 S Rainbow BlvdSte 101,Las Vegas,NV,89103,702 277 0000,
Computer Repair,Data Recovery Mobile Phone Repair,ABC Technologies,,,,,702 813 8569,bhuiras25@outlook.com
Computer Repair,Electronics Repair Mobile Phone Repair,FoneStar Repair,4911 Alta Dr,Las Vegas,NV,89107,702 822 6931,
Computer Repair,Electronics Repair Mobile Phone Repair ,FoneStar Repair,4911 Alta Dr,Las Vegas,NV,89107,702 822 6931,
Computer Repair,IT Services & Computer Repair,Xpress PC Repair,,,,,702 499 3352,
