SL,Category,Business Name,Street Address,City,State ,Zip,PhoneNumber,Email
Locksmith,Keys & Locksmiths,247 Supertech Locksmith Services,,,,,702 997 9934,
Locksmith,Keys & Locksmiths,A&B Security Group,3201 W Sahara Ave,Las Vegas,NV,89102,702 227 5625,
Locksmith,Keys & Locksmiths,ABC Locksmiths,3981 E Sunset Rd,Las Vegas,NV,89120,702 329 4803,abclocksmithvegas@lazertechlocks.com
Locksmith,Keys & Locksmiths,Pop-A-Lock of Las Vegas NV,6280 S Valley View,Las Vegas,NV,89118,702 454 5625,info@popalocklv.com
Locksmith,Keys & Locksmiths,Anytime Locksmith,1801 E Tropicana,Las Vegas,NV,89119,702 217 7477,
Locksmith,Keys & Locksmiths,24-7 JB Services,,,,,702 800 9973,
Locksmith,Keys & Locksmiths,All City Lock and Key,3635 S Fort Apache Rd,Las Vegas,NV,89147,702 804 8186,Aroundtheclocklocksmith@cox.net
Locksmith,Keys & Locksmiths,American Lock & Key,837 S Rainbow Blvd,Las Vegas,NV,89145,702 434 5397,
Locksmith,Keys & Locksmiths,Locksmith Solutions,7345 S Durango Dr,,,,702 601 4678,
Locksmith,Keys & Locksmiths,Stanley Security Solutions,5470 W Sahara Ave,Las Vegas,NV,89146,855 365 2407,
Locksmith,Keys & Locksmiths,Lockmaster Security Services,1435 N Jones Blvd,Las Vegas,NV,89108,702 647 5625,
Locksmith,Keys & Locksmiths,Keyport Store & HQ,3155 W Tompkins Ave,Las Vegas,NV,89103,855 539 7678,
Locksmith,Keys & Locksmiths,Las Vegas Key Shop,3635 S Fort Apache Rd,Las Vegas,NV,89147,702 804 1002,
Locksmith,Keys & Locksmiths,AHA Locksmith Security, Automation,,,,,702 944 9542,mn_office@affordable-homeautomation.com
Locksmith,Keys & Locksmiths,Las Vegas Lock and Key,4535 W Sahara Ave,Las Vegas,NV,89102,702 338 9744,
Locksmith,Keys & Locksmiths,Southern Nevada Locksmith LLC,,,NV,,702 595 8852,ml@southernnevadalocksmith.com
Locksmith,Keys & Locksmiths,MX Locksmith,2625 E Craig Rd,Las Vegas,,,702 369 6736,
Locksmith,Keys & Locksmiths,Locksmith Las Vegas,1340 E Flamingo Rd,Las Vegas,NV,89119,702 879 2471,contact@locksmiths-las-vegas.org
Locksmith,Keys & Locksmiths,Top Master Locksmith,5115 Dean Martin Dr,Las Vegas,NV,89118,725 696 8861,topmasterlocksmith@yahoo.com
Locksmith,Keys & Locksmiths,Las Vegas Locksmith,611 Las Vegas Blvd N,Las Vegas,NV,89101,702 874 7810,
Locksmith,Keys & Locksmiths,Franks Safe & Lock Company,1201 S Casino Center Boulevard,Las Vegas,NV,89104,702 384 1260,
Locksmith,Keys & Locksmiths,Mr. Rekey Locksmith - Las Vegas,,,,,702 222 1201,orders@rekey.com
Locksmith,Keys & Locksmiths,Intermountain Lock & Security Supply,3910 Graphic Center Dr,Las Vegas,NV,89118,702 939 5625,
Locksmith,Keys & Locksmiths,Lees Locksmith Las Vegas,3111 S Valley View Blvd,Las Vegas,NV,89102,702 720 5561,
Locksmith,Keys & Locksmiths,Ramirez Locksmith,,Las Vegas,,,702 664 4769,
Locksmith,Keys & Locksmiths,Locksmith 4 Less,800 E Charleston Blvd,Las Vegas,NV,89104,702 415 4501,
Locksmith,Keys & Locksmiths,Liberty Lock & Key,4225 Fidus Dr,Las Vegas,NV,89103,702 605 6799,
Locksmith,Keys & Locksmiths,ASAP Locksmith,1333 N Buffalo Dr,Las Vegas,NV,89128,702 475 4043,
Locksmith,Keys & Locksmiths,Alarmco,2007 Las Vegas Blvd S,Las Vegas,NV,89104,702 382 5000,
Locksmith,Keys & Locksmiths,Green Valley Lock & Safe,80 N Pecos Rd,Las Vegas,,,702 897 0800,service@gvlas.com
Locksmith,Keys & Locksmiths,A & B Security Group,3201 W Sahara Ave,Las Vegas,NV,89119,702 362 5625,
Locksmith,Keys & Locksmiths,Fox Locksmith,4021 W Sahara Ave,Las Vegas,NV,89102,702 222 0533,
Locksmith,Keys & Locksmiths,Any and All Lock and Key,,Las Vegas,NV,89110,702 643 4555,aalklv@gmail.com
Locksmith,Keys & Locksmiths,0 007 Lock1 Service,1758 E Charleston Blvd,Las Vegas,NV,89104,702 560 6005,
Locksmith,Keys & Locksmiths,Liberty Lock & Key,4225 Fidus Dr,Las Vegas,NV,89103,702 605 6799,
Locksmith,Keys & Locksmiths,0 007 Lock1 Service,560 N Nellis Blvd,Las Vegas,NV,89110,702 560 6010,
Locksmith,Keys & Locksmiths,M & M Lock & Key Shop,4255 Spring Mountain Rd,Las Vegas,NV,89102,702 781 8020,
Locksmith,Keys & Locksmiths,Vegas Valley Locking Systems,6243 Dean Martin Dr,Las Vegas,NV,89118,702 614 3939,sales@vvls.net
Locksmith,Keys & Locksmiths,Discount ,1810 E Sahara Ave,Las Vegas,NV,89104,702 583 7727,
Locksmith,Keys & Locksmiths,Payless Locksmith,,,,,702 786 4616,goorbigh3@gmail.com
Locksmith,Keys & Locksmiths,0 007 Lock1 Service,6441 N Durango Dr,Las Vegas,NV,89149,702 560 5188,
Locksmith,Keys & Locksmiths,Las Vegas Locksmith,307 Bonanza Way,Las Vegas,NV,89101,866 807 5112,
Locksmith,Keys & Locksmiths,A1 Aero Locksmith,10590 Southern Highland Pkwy,Las Vegas,NV,89141,702 410 6745,
Locksmith,Keys & Locksmiths,Toms Locksmith,4075 S Durango Dr,Las Vegas,NV,89147,702 723 4079,
Locksmith,Keys & Locksmiths,Premier Door & Trim,530 E Sunset Rd,Las Vegas,,,702 897 9448,INFO@RYSTIN.COM
Locksmith,Keys & Locksmiths,Locksmith - Henderson,303 S Water St,Las Vegas,,,702 983 8060,contact@locksmith-henderson.net
Locksmith,Keys & Locksmiths,Las Vegas NV Locksmiths,,,,,702 749 0771,service@lasvegasnvlocksmiths.com
Locksmith,Keys & Locksmiths,Team-Locksmith,4550 W Oakey Blvd,Las Vegas,NV,89102,702 522 1797,service@teamlocksmith.com
Locksmith,Keys & Locksmiths,JB Lock,,Las Vegas,NV,,702 204 3041,jason@jblocklv.com
Locksmith,Security Systems Keys & Locksmiths,Alarmco,2007 Las Vegas Blvd S,Las Vegas,NV,89104,702 382 5000,disconnects@alarmco.com
Locksmith,Keys & Locksmiths Security Systems ,Genes Lock and Security,69 E Basic Rd,Henderson,NV,89015,702 564 5397,Steve@egisnv.com
Locksmith,Keys & Locksmiths,Richard and Son Locksmith Las Vegas,720 N 13th St,Las Vegas,NV,89101,702 789 6552,richardandsonlocksmith@gmail.com
Locksmith,Keys & Locksmiths,Star Locksmith - Las Vegas,3180 S Durango Dr,Las Vegas,NV,89117,702 960 4678,service@selocksmithbrooklyn.com
Locksmith,Keys & Locksmiths,ASAP Locksmiths,,Las Vegas,NV,89147,702 996 6044,service@asaplocksmithlasvegas.com
Locksmith,Keys & Locksmiths,United Lock and Security,8170 W Sahara Ave Ste 102,Las Vegas,NV,89117,702 258 5625,service@unitedlockandsecurity.com
Locksmith,Keys & Locksmiths,Best Rate Locksmith Las Vegas,,,,,702 396 3278,lasvegaslocksmithnv@gmail.com
Locksmith,Keys & Locksmiths,Locksmith Las Vegas,570 E St Louis Ave,Las Vegas,NV,89104,800 992 5478,info@locksmith-in-las-vegas.com
Locksmith,Keys & Locksmiths,S&S Locksmith,,Las Vegas,NV,89131,702 482 7961,lasvegaslocksmithnv@gmail.com
Movers,,,,,,,,
Movers,Movers,Christopher Moving,3750 W Tompkins Ave,Las Vegas,NV,89103,702 810 2922,
Movers,Movers ,Umbrella Movers,3111 S Valley View Blvd,Las Vegas,NV,89102,702 533 2853,umbrellamovers@yahoo.com
Movers,Movers ,Sunshine Movers,8100 W Charleston,Las Vegas,NV,89117,702 750 1360,
Movers,Movers ,Moving Buddies,,Las Vegas,,,702 608 2120,moovingbuddies@gmail.com
Movers,Movers ,Class A Moving,,Las Vegas,,,702 557 7531,
Movers,Movers ,A-Team Moving,,Las Vegas,,,702 637 4425,
Movers,Movers Shipping Centers,Box Brothers,6384 W Sahara Ave,Las Vegas,NV,89146,702 227 6384,
Movers,Movers ,Less Stress Movers,,Las Vegas,,,702 355 0797,
Movers,Movers ,Move 4 Less,7632 W Post Rd,Las Vegas,NV,89113,702 889 6683,customerservice@move4lessnevada.com
Movers,Movers ,Warrens Homework,3280 W Hacienda Ave,Las Vegas,NV,89118,702 876 9610,info@warrenshomework.com
Movers,Movers ,Moving By Keystone,4348 E Alexander Rd,Las Vegas,NV,89115,702 657 0742,
Movers,Movers Self Storage ,Red Carpet Moving Company,1650 Helm Dr,Las Vegas,NV,89119,725 222 4329,
Movers,Movers ,Big Boys Moving,,Las Vegas,,,702 278 0777,
Movers,Movers ,Move Right Movers,7151 S Durango Dr,Las Vegas,NV,89103,702 802 1165,moverightnv@40gmail.com
Movers,Movers ,Quality Moving,6360 S Pecos Rd,Las Vegas,NV,89123,702 882 9031,
Movers,Movers ,Family Movers Express,6655 W Sahara Ave,Las Vegas,NV,89146,702 678 6683,moving4seniors@gmail.com
Movers,Movers ,Bellhops,4504 S Maryland street,Las Vegas,NV,89154,702 904 9685,
Movers,Movers ,Five Star Moving,,Las Vegas,,,702 936 0152,
Movers,Movers ,Jeffs Personal Touch Moving ,,Las Vegas,,,702 405 6367,
Movers,Movers ,Seven Brothers Moving,4894 Lone Mountain Rd,Las Vegas,NV,89130,702 825 1798,
Movers,Self Storage Movers, Truck Rental,All Storage- Canyon Gate,8055 W Sahara Avenue,Las Vegas,NV,89117,702 367 7792,
Movers,Movers ,Xtreme Movers,404 Estella Ave,Las Vegas,NV,89107,702 825 2104,
Movers,Vehicle Shipping Movers,Flat Price Moving and Auto Shipping,4618 W Sahara Ave,Las Vegas,NV,89102,888 647 0024,
Movers,Movers ,Denali Moving,201 Commerce Park Ct,Las Vegas,NV,89032,702 368 1070,
Movers,Movers ,Las Vegas Movers,5841 E Charleston Blvd,Las Vegas,NV,89142,702 538 6018,
Movers,Movers Home Organization, Apartments,Load 4 Less,2500 N Rainbow Blvd,Las Vegas,NV,89108,702 439 8566,
Movers,Couriers & Delivery Services Movers, Shipping Centers,Debarry Packaging Inc.,3894 Spring Mountain Road,Las Vegas,NV,89102,702 876 1659,
Movers,Shipping Centers Movers,Box Brothers,4255 Dean Martin Dr,Las Vegas,NV,89103,702 509 9630,
Movers,Shipping Centers Movers,Box Brothers,4255 Dean Martin Dr,Las Vegas,,,702 509 9630,
Movers,Movers ,Just Breathe Movers,,Las Vegas,,,702 727 7768,
Movers,Movers ,Starving Students Movers,6220 Kimberly Ave,Las Vegas,NV,89122,702 433 5291,
Movers,Movers ,Starving Students Movers,5360 S Cameron St,Las Vegas,NV,89118,888 931 6683,
Movers,Movers ,Discount Movers,5440 Cameron St,Las Vegas,NV,89118,702 895 9555,
Movers,Movers ,At Your Service Moving,,Las Vegas,,,702 749 8412,
Movers,Movers Vehicle Shipping, Self Storage,Cross Country Movers,4021 W Sahara Ave,Las Vegas,NV,89102,702 560 6668,
Movers,Movers ,Smooth Move,,Las Vegas,,,702 824 7581,
Movers,Movers ,V & L Services,,Las Vegas,,,702 338 0487,
Movers,Movers ,U-Pack Moving,4501 North Lamb,Las Vegas,NV,89115,855 240 3502,moving@upack.com
Movers,Movers ,Move On Moving,2620 Regatta Dr,Las Vegas,NV,89128,855 702 6683,info@moveonmoving.com
Movers,Movers ,Elite Moving & Storage Inc,3651 Lindell Rd,Las Vegas,NV,89103,702 367 9191,customerservice@theelitemovers.com
Movers,Movers ,Two Men and a Truck,3510 Coleman St.,Las Vegas,NV,89032,702 545 6356,info0244@twomen.com
Movers, Movers Pool & Billiards ,On Cue Billiards,,Las Vegas,NV,89119,702 468 0888,oncuebilliards@cox.net
Movers, Movers Pool & Billiards ,Starving Students Movers,6220 Kimberly Ave,Las Vegas,NV,89122,888 931 6683,
Movers, Movers Pool & Billiards ,Prestige Easy Moves,,Las Vegas,,,702 234 4492,
Movers,Self Storage Movers ,Store N Lock,3350 Sirius Avenue,Las Vegas,NV,89102,702 876 3335,
Movers, Movers Pool & Billiards ,Puliz Moving & Storage Co.,3840 E. Craig Rd,Las Vegas,NV,89030,702 644 6160,info@pulizmoving.com
Movers,Self Storage Movers,U-Haul Moving & Storage,1650 Crestdale Ln,Las Vegas,NV,89144,702 254 4568,
Movers,Self Storage Movers, Truck Rental,U-Haul Moving & Trailer Hitch Center of Las Vegas,1900 S Decatur Blvd,Las Vegas,NV,89102,702 251 9250,
Movers, Movers Pool & Billiards ,Capitol North American,1780 S Mojave Rd,Las Vegas,NV,89104,702 832 1951,
Movers, Movers Pool & Billiards ,Sin City Movers,7340 W Russell Rd,Las Vegas,NV,89113,702 502 6479,
Movers, Movers Pool & Billiards ,Smitty Movers,,Las Vegas,,,702 878 4097,michael@smittymovers.com
Movers, Movers Pool & Billiards ,Avl Enterprise LLC,2620 S Maryland Pkwy 14117,Las Vegas,NV,89109,702 866 2313,avlenterprise@yahoo.com
Movers,Movers Couriers & Delivery Services,1 Man 2 Hands,5795 W Flamingo Rd,Las Vegas,NV,89103,877 939 9675,booking@yourfavoritehelper.com
Movers,Movers ,Gorilla Rose,5153 silverheart,Las Vegas,NV,89142,702 755 3416,move@gorillarose.com
Movers,Movers Shipping Centers,Sunset International Shipping,747 N Martin Luther King Blvd,Las Vegas,NV,89106,855 443 4200,info@sunsetmoving.com
Movers,Movers Home Cleaning,Workergram,7408 Via Fiorentino St,Las Vegas,NV,89131,702 904 4262,workergram@gmail.com
Movers,Movers ,Well Carry the Load Movers,,Las Vegas,,,702 831 0291,wellcarrytheload@gmail.com
Movers,Movers ,Action Packed Movers,4850 W Flamingo Rd,Las Vegas,NV,89103,702 529 3364,actionpackedmovers@gmail.com
Movers,Movers Self Storage ,1-800-PACK-RAT,3030 N Lamb Blvd,Las Vegas,,,800 722 5728,movinghelp@1800packrat.com
Movers,Movers Shipping Centers ,Triple 7 Movers,2917 Brookspark Dr,Las Vegas,NV,89030,702 685 6888,sales@triple7movers.com
Movers,Movers Junk Removal & Hauling,College Hunks Hauling Junk and Moving,3977 W Oquendo Rd,Las Vegas,NV,89118,702 829 3098,stressfreeservice@collegehunkshaulingjunk.com
Movers,Movers ,Senior Move Specialists,2349 Canfield Dr,Las Vegas,NV,89108,702 688 9449,seniormovespecialists@gmail.com
Movers,Self Storage Movers,Oasis Moving and Storage,2915 Coleman St,Las Vegas,NV,89032,800 663 8751,info@oasismoving.com
Movers,Movers Junk Removal & Hauling, Landscaping,J&c Landscaping&more,,Las Vegas,NV,,702 544 3694,j_c_landscapers@contractor.net
Movers,Shipping Centers Movers ,Las Vegas Crating & Logistics,4255 Dean Martin Dr,Las Vegas,NV,89103,702 748 4973,contact@lasvegascrating.com
Movers,Movers,Moving Brothers,3050 S Nellis,Las Vegas,NV,89121,702 782 9950,steveschulz@live.com
Movers,Movers Self Storage,Oasis Moving and Storage,7908 Riviera Beach Dr,Las Vegas,NV,89128,702 802 0855,info@oasismoving.com
Movers,Movers,Wheaton Van Lines,4500 Andrews,Las Vegas,NV,89115,702 896 6805,movingrelocationsales@gmail.com
Movers,Movers,Smitty Movers,1180 N Nellis Blvd,Las Vegas,NV,89110,702 878 4097,michael@smittymovers.com
Movers,Movers,Hawaii Express Moving Services,2945 Lincoln Rd,Las Vegas,NV,89115,702 632 3262,contact@hearth.com
Movers,Movers Shipping Centers ,Old Dominion Freight Line,4475 E Lone Mountain Rd,Las Vegas,NV,89115,702 643 7883,customer.service@odfl.com
Movers,Movers ,Sky Van Lines,4500 Andrews St,Las Vegas,NV,89081,702 751 3027,info@skyvanlines.com
Movers,Self Storage Movers,PODS,4550 Engineers Way,Las Vegas,NV,89081,877 770 7637,marketing-inquiries@pods.com
Movers,Movers Self Storage, Home & Garden,First Choice Moving,201 Commerce Park Ct,Las Vegas,NV,89032,702 368 1070,1stchoicemovinglv@gmail.com
Movers,Movers ,Puliz Moving and Storage,,Las Vegas,NV,89030,800 233 8359,info@pulizmoving.com
Movers,Movers,Big Boys Moving Labor,North Las Vegas NV 89031,Las Vegas,,,702 771 9905,bigboys808@yahoo.com
Movers,Movers,Moving Relocation Specialists Inc.,4500 Andrews St,Las Vegas,NV,89081,725 333 2783,movingrelocationsales@gmail.com
Movers,Self Storage,Storage Direct Self Storage,9890 Pollock Dr,Las Vegas,NV,89183,702 509 7355,support@storagedirect.com
Movers,Self Storage,American Mini Storage,8250 S. Maryland Pkwy.,Las Vegas,NV,89123,702 900 0407,info@usstorage.net
Movers,Self Storage,Flamingo Durango Self Storage,8525 W Flamingo Rd,Las Vegas,NV,89147,702 256 7545,flamingodurangoss@yahoo.com
Music Lessons,,,,,,,,
Music Lessons, Musical Instruments & Teachers ,Nevada Music Academy,6525 N Buffalo Dr,Las Vegas,NV,89131,702 906 2400,
Music Lessons,Musical Instruments & Teachers Musical Instrument Services,,Ensemble Arts Academy,7280 W Azure Ave,Las Vegas,NV,89130,702 388 0014,info@EnsembleArtsAcademy.com
Music Lessons,Musical Instruments & Teachers,Landero Learning Center,9620 S Las Vegas Blvd,Las Vegas,NV,89123,702 407 2787,
Music Lessons,Performing Arts Specialty Schools, Musical Instruments & Teachers,School of Rock Las Vegas West,9340 West Flamingo Road,Las Vegas,NV,89147,702 778 9382,
Music Lessons,Private Tutors Musical Instruments & Teachers ,RockStar Guitar Lessons,8 Cozy Glen Cir,Las Vegas,NV,89074,702 608 5014,
Music Lessons,Musical Instruments & Teachers,Family Music Centers,8125 W Sahara Ave,Las Vegas,NV,89117,702 360 4080,familymusiccenter@gmail.com
Music Lessons,Dance Studios Performing Arts, Dance Schools, Musical Instruments & Teachers ,Distrct Arts,8665 W Flamingo Rd,Las Vegas,NV,89147,702 489 2300,info@lvdanceandmusic.com
Music Lessons,Musical Instruments & Teachers ,Kessler & Sons Music,3047 E Charleston Blvd Ste C,Las Vegas,NV,89104,702 385 2263,music@kesslermusic.com
Music Lessons,Musical Instruments & Teachers ,Kessler & Sons Music,9550 S Eastern Ave,Las Vegas,NV,89123,702 492 7263,music@kesslermusic.com
Music Lessons,Musical Instruments & Teachers Private Tutors ,Private Piano & Guitar Lessons by John J. Giangrande,7710 Selby Ct,Las Vegas,NV,89147,702 371 7157,
Music Lessons, Musical Instruments & Teachers,Sam Ash Music Stores,2747 S Maryland Pkwy,Las Vegas,NV,89109,702 734 0007,
Music Lessons,Musical Instruments & Teachers Specialty Schools,Las Vegas Voice and Piano,1060 Calvia St,Las Vegas,NV,89138,702 348 7003,
Music Lessons,Musical Instruments & Teachers ,Goldies Studio,1551 S Commerce St,Las Vegas,NV,89102,971 235 1347,
Music Lessons,Musical Instruments & Teachers,Todays Music,8450 W Sahara Ave,Las Vegas,NV,89117,702 256 9400,
Music Lessons,Musical Instruments & Teachers ,Drum Lessons by Edan Mizrahi,Southeast,Las Vegas,NV,89123,702 538 3684,
Music Lessons,Musical Instruments & Teachers ,Violin Outlet,900 Karen Ave,Las Vegas,NV,89109,702 733 3028,INFO@VIOLINOUTLET.COM
Music Lessons,Musical Instruments & Teachers Private Tutors,Drum Lessons By Micah,Summerlin,Las Vegas,NV,,702 281 0779,
Music Lessons,Musical Instruments & Teachers,Family Music Centers,2714 N Green Valley Pkwy,Henderson,NV,89014,702 435 4080,familymusiccenter@gmail.com
Music Lessons,Musical Instruments & Teachers ,Joy of Singing Karen Jones,7046 Berkshire Pl,Las Vegas,NV,89147,702 769 3835,karenjonesjos@yahoo.com
Music Lessons,Musical Instruments & Teachers ,A Note Above the Rest,3281 N Decatur Blvd,Las Vegas,NV,89130,702 471 6683,
Music Lessons,Musical Instruments & Teachers,Music World Learning Center,2295 E Sahara Ave,Las Vegas,NV,89104,702 457 6869,
Music Lessons,Musical Instruments & Teachers,Kessler & Sons,3211 N Tenaya Way,Las Vegas,NV,89129,702 242 2263,music@kesslermusic.com
Music Lessons,Musical Instruments & Teachers,Esteban Music From the Heart at Shimmer Cabaret,3000 Paradise Rd,Las Vegas,NV,89109,800 732 7117,
Music Lessons,Performing Arts Musical Instruments & Teachers,Music With Monique,,Las Vegas,NV,89138,702 994 2340,
Music Lessons,Musical Instruments & Teachers,Brill Music Academy,8534 Del Webb Blvd,Las Vegas,NV,89134,702 848 5990,brillmusicacademy1@gmail.com
Music Lessons,Performing Arts Musical Instruments & Teachers ,Dreamweavers Professional and Performing Arts,8625 W Sahara Blvd,Las Vegas,NV,89117,702 324 6065,
Music Lessons,Musical Instruments & Teachers,Todd Rogers Piano Guitar & Voice Lessons,4342 Mammoth Creek Dr,Las Vegas,NV,89147,702 373 2525,Lessons@ToddRogers.com
Music Lessons, Private Tutors Musical Instruments & Teachers ,Piano & Guitar Lessons,4275 S Pearl St,Las Vegas,NV,89121,702 419 8953,smccone@yahoo.com
Music Lessons,Musical Instruments & Teachers Event Planning & Services, Arts & Entertainment,Music Temple,5112 W Charleston Blvd,Las Vegas,NV,89146,702 807 8663,
Music Lessons,Private Tutors Musical Instruments & Teachers ,Las Vegas Singing Lessons,Westside,Las Vegas,NV,89102,702 878 0755,info@lasvegasvocallessons.com
Music Lessons,Private Tutors Musical Instruments & Teachers,Las Vegas Piano School,4155 Flamingo Crest Dr,Las Vegas,NV,89121,702 809 7576,masha.pisarenko@gmail.com
Music Lessons,Musical Instruments & Teachers,Evolution Guitar,1698 Raindance Way,Las Vegas,NV,89169,702 788 3832,
Music Lessons,Musical Instruments & Teachers,Taylor Robinson Music Lessons,1405 Belcastro St,Las Vegas,NV,89117,702 410 8527,taylorrobinsonmusic@gmail.com
Music Lessons,Performing Arts Private Tutors, Musical Instruments & Teachers,Around the Clock Music,9800 CLV Ave,Las Vegas,NV,97267,310 666 2564,
Music Lessons,Musical Instruments & Teachers ,New York Music Academy,9179 W. Flamingo Rd,Las Vegas,NV,89147,702 838 7771,info@nymusicacademy.com
Music Lessons,Musical Instruments & Teachers ,Gina Joyce Vocal Coach,,Las Vegas,NV,89101,702 258 0239,
Music Lessons,Musical Instruments & Teachers Musicians,Mark Goodin Drum Lessons,9101 W Sahara Ave,Las Vegas,NV,89117,702 515 9839,
Music Lessons,Musical Instruments & Teachers Private Tutors,Raga Life - Guitar Lessons,8610 S Eastern Ave,Las Vegas,NV,89123,702 350 1893,
Music Lessons,Musical Instruments & Teachers Piano Stores ,Southern Nevada Music,350 N Stephanie St,Henderson,NV,89014,702 938 4646,
Music Lessons,Musical Instruments & Teachers,Las Vegas Drum Lessons,2605 S Decatur Ste 215,Las Vegas,NV,89102,702 430 2920,
Music Lessons,Musical Instruments & Teachers,David Marinelli,Spring Valley,Las Vegas,NV,89148,585 820 0661,
Music Lessons,Musical Instruments & Teachers,Taylor Robinson Music & Voice Lessons,8975 W Warm Springs Rd,Las Vegas,NV,89148,702 410 8526,taylorrobinsonmusic@gmail.com
Music Lessons,Musical Instruments & Teachers,studioBpiano,Summerlin,Las Vegas,NV,89134,310 571 8981,
Music Lessons,Musical Instruments & Teachers,Kirby Music,10525 S Eastern Ave,Las Vegas,NV,89052,702 675 7300,info@kirbymusicstudio.com
Music Lessons,Specialty Schools Musical Instruments & Teachers, Performing Arts,School of Rock Green Valley,55 S. Valle Verde Drive,Henderson,NV,89012,702 778 1400,
Music Lessons,Musical Instruments & Teachers ,Las Vegas Music Academy,Southeast,Las Vegas,NV,89123,702 301 4288,lasvegasmusicacademy@gmail.com
Music Lessons,Musical Instruments & Teachers,Brad Seagle Piano,1078 Wild Fern Ct,Las Vegas,NV,89183,702 509 3098,seagle.brad@gmail.com
Music Lessons,Musical Instruments & Teachers ,Liana Turello Voice Studio,Southeast,Las Vegas,NV,89123,702 370 7139,liana@roetterturello.net
Music Lessons,Musical Instruments & Teachers,Robert Anthony,6440 Skypointe Dr,Las Vegas,NV,89131,702 236 3212,guitar1789@aol.com
Music Lessons,Musical Instruments & Teachers ,OFF THE RAILS,,Henderson,NV,89074,702 445 1395,
Music Lessons,Performing Arts,VEGAS! The Show,3663 Las Vegas Blvd S,Las Vegas,NV,89109,866 932 1818,tickets@vegastheshow.com
Music Lessons,Performing Arts ,The Smith Center,361 Symphony Park Ave,Las Vegas,NV,89106,702 749 2012,patronservices@thesmithcenter.com
Music Lessons,Performing Arts Casinos,Blue Man Group,3900 S Las Vegas Blvd,Las Vegas,NV,89109,702 262 4000,LASVEGASGROUPS@blueman.com.
Music Lessons,Performing Arts Casinos,Zarkana by Cirque du Soleil,3730 Las Vegas Blvd S,Las Vegas,NV,89158,855 927 5262,guestservices@aria.com
Music Lessons,Performing Arts Magicians ,Armando Vera Magic Show,3663 Las Vegas Blvd,Las Vegas,NV,89109,702 421 4085,info@inspirelasvegas.com
Music Lessons,Performing Arts,The Mentalist,3663 Las Vegas Blvd,Las Vegas,NV,89109,702 260 7200,tickets@vtheaterboxoffice.com
Music Lessons,Performing Arts,McBride Magic,Westside,Las Vegas,NV,89102,702 697 7002,tobias@yourmagic.com
Music Lessons,Performing Arts,Amadeus School of Music,900 Karen Ave,Las Vegas,NV,89109,702 733 3028,info@violinoutlet.com
Music Lessons,Performing Arts VideoFilm Production,Star Arts Productions,3890 Schiff Dr,Las Vegas,NV,89103,702 221 4879,stararts@starartsproductions.com
Music Lessons,Art Schools ,Academy Of Diva Arts,,Las Vegas,NV,89134,702 900 5621,premierwest@earthlink.net
Music Lessons,Performing Arts ,Studio Ones - Henderson Dance Academy,1535 W Warm Springs,Henderson,NV,89014,702 202 9561,info@hendersondance
Music Lessons,Performing Arts,The Drum Club,330 Tin St,Henderson,NV,89015,702 469 8404,Info@drummingcircle.net
Painters,,,,,,,,
Painters,Painters,Metro Painting,7380 S Eastern Ave,Las Vegas, NV ,89123,702 278 8685,
Painters,Handyman,,Handyman Services,Ste 124-136,,,,702 768 5700,
Painters,Painters ,Metro Painting,7380 S Eastern Ave,Las Vegas, NV ,89123,702 278 8685,
Painters,Handyman ,Mr Fix It,Ste 124-136,Southeast,,,702 204 1447,
Painters,Painters ,Paint Worx Inc.,6645 Gatehouse Ln,Las Vegas, NV ,89108,702 763 1611,
Painters,Painters ,Paint Pros LTD,1699 Crystal Downs Ave,Las Vegas, NV ,89123,702 563 9332,paintproslv@gmail.com
Painters,Painters ,Seamingly Straight,161 Kennet Ct,Las Vegas, NV ,89144,702 810 0035,onaroll@seaminglystraight.com
Painters,Handyman ,Renaissance Residential Maintenance,Ste 112,,,,702 755 0256,
Painters,Painters ,The Fascia Kings,1177 Matthew Ave,Las Vegas, NV ,89123,702 524 1042,
Painters,Painters,,Master Craftsmen,Ste E103,Las Vegas, NV ,89102,702 312 4606,
Painters,Painters ,Mark Anthony Construction,Las Vegas NV 89134,,,,702 860 3573,
Painters,Plumbing  ,LV House Doctor,3325 Ali Baba Ln,Las Vegas, NV ,89118,702 489 5164,info@lvhousedoctor.com
Painters,Painters,All Pro Painting and Drywall,5049 W Diablo,Las Vegas, NV ,89118,702 283 5034,
Painters,Painters ,Pruzinsky Painting,1682 Starlight Canyon Ave,Las Vegas, NV ,89123,702 743 4745,
Painters,Painters ,Diesel Painting and Drywall,,,,,702 202 2646,info@dieselpainting.com
Painters,Painters ,Paint Masters LLC,,,,,702 956 7658,
Painters,Painters,Detail Painting,4410 E Saint Louis Ave,Las Vegas, NV ,89104,702 400 2487,steve@paintmasterslasvegas.com
Painters,Contractors ,Fresh Coat of Las Vegas,10300 W Charleston Blvd,Las Vegas, NV ,89135,702 410 6991,prouleau@freshcoatpainters.com
Painters,Painters,Discount Painting,3900 Spring Mountain Rd,Las Vegas, NV ,89102,702 768 1844,info@discountpaintingnv.com
Painters,Painters,McMillan & McMillan Painting,2799 E Tropicana Ave,Las Vegas, NV ,89121,702 510 4262,samuel72382@gmail.com
Painters,Painters,Deco Plus Painting,10300 W Charleston Blvd,Las Vegas, NV ,89135,702 810 6537,decopluslv@gmail.com
Painters,Painters,Paint Worx Inc.,6645 Gatehouse Ln,Las Vegas, NV ,89108,702 763 1611,paintproslv@gmail.com
Painters,Painters,Tri-Color Paints,6625 S Valley View Blvd,Las Vegas, NV ,89118,702 269 6995,sales@tricolorpaints.com
Painters,Painters ,AllPro Painters,3674 N Rancho Dr,Las Vegas, NV ,89130,702 550 4755,
Painters,Painters ,StettieHand,Ste 101,,,,702 686 2466,stettiehand@gmail.com
Painters,Plumbing ,LV House Doctor,3325 Ali Baba Ln,Las Vegas, NV ,89118,702 489 5164,info@lvhousedoctor.com
Painters,Painters ,Diesel Painting and Drywall,Ste 613,,,,702 202 2646,info@dieselpainting.com
Painters,Painters,Excel Painting,,,,,702 354 5151,excelhandyman@gmail.com
Painters,Painters,CertaPro Painters of Southern Nevada,1000 N. Green Valley Pkwy,,Henderson, NV ,89074,866 670 7549,JZades@certapro.com
Painters,Painters,,CertaPro Painters of Summerlin,3111 S Valley View Blvd,Las Vegas, NV ,89102,866 670 7549,kwilliams@certapro.com
Painters,Painters ,Cal Pac Painting,900 S Commerce St,Las Vegas, NV ,89106,702 383 5144, calpacpaintingnv@calpac.us
Painters,Contractors ,Trifecta Decorating,,Las Vegas, NV,,702 281 5168,trifectadec@yahoo.com
Painters,Handyman  ,Castillo Construction,2789Trotwood Ln,Las Vegas, NV ,89108,702 236 9223,eduardo%40castilloconstruction.org
Painters,Roofing ,A&P Painting,10120 W. Flamingo Rd. #4-264,Las Vegas, NV ,89147,702 499 1107,info@a-ppainting.com
Painters,Interior Design Painters,Luzid Creative,5605 Seattle Slew Dr,Las Vegas, NV ,89108,702 619 0467,luzidcreative@gmail.com
Painters,Painters ,HK Paint Drywall,,Las Vegas, NV,,702 803 4084,johlfsandsonhs@gmail.com
Painters,Painters ,Artistic Expressions,,Las Vegas, NV ,89101,702 658 8363,owner@fauxbia.com
Painters,Painters,Ultimate Faux,8141 Dolphin Landing Dr,Las Vegas, NV ,89128,702 813 1711,joline@ultimatefaux.com
Painters,Handyman,,Francis Handyman Repairs,Ste 111,,,,702 335 4033,tim@francishandymanrepairs.com
Painters,Painters,,Compton J Painting & Paperhanging,6115 Grand Teton Dr,Las Vegas, NV ,89131,702 258 5958,jcompton@jcomptonpainting.com
Painters,Painters,Custom Powder Coat,6276 S Sandhill,Las Vegas, NV ,89120,702 362 5222,info@custompowdercoatnv.com
Painters,Painters,Paintworks By Swenson,,,,,702 469 3802,wanttopaintitblack@gmail.com
Painters,Painters,Bruin Painting Corporation,8 Sunset Way,Las Vegas, NV ,89103,702 891 9477,estimating@bruinpainting.com
Painters,Painters Interior Design ,FRENCH PAINTING SERVICES,3353 Kylemore St,Las Vegas, NV ,89129,702 281 9646,Mfrench1968@cox.net
Painters,Painters,Harris & Ruth Painting,4374 E Alexander Road,Las Vegas, NV ,89115,702 631 2599,kathleen@harris-ruthpainting.com
Painters,Painters ,Faux Painter Murals,,Las Vegas, NV ,89131,702 658 8363,owner@fauxbia.com
Painters,Painters ,Primo Painting,Henderson NV 89074,,,,702 457 5552,Tori@LasVegasPrimoPainting.com
Painters,Painters ,Wise Guys Home Improvement,7132 Yacht Landing Dr,Las Vegas, NV ,89129,702 523 8708,myaffordhmlv@hotmail.com
Painters,Painters,Painting & Decorating Contractors of America,1701 Whitney Mesa Drive,Henderson, NV ,89014,702 650 5705,jsmirk@msn.com
Painters,Painters ,Patch Co Inc,8 Sunset Way,Henderson, NV ,89014,702 897 3865,customerservice@patchcoinc.com
Painters,Contractors ,Devco Painting,2208 Heavenly View Dr,Henderson, NV ,89014,702 834 0043,devcopaintingwa@gmail.com
Painters,Painters,Empire Painting,213 W Tompkins Ave,Henderson, NV ,89103,702 939 9940,info@empireworks.com
Painters,Painters,Fontana Painting,,,,,917 975 9304,FontanaPainting@gmail.com
Painters,Contractors,,West Coast Cabinets and Countertops,950 W Warm Springs Rd Ste 112,Henderson, NV ,89011,702 222 4700,John@LVCabinets.com
Pest Control,,,,,,,,
Pest Control,Pest Control ,A Reliable Pest Control,2636 Westwood Dr,Las Vegas,NV,89109,702 258 4011,dan@arpclv.net
Pest Control,Pest Control ,Fischers Pest Control Inc,8670 W Cheyenne Ave,Las Vegas,NV,89129,702 348 9278,help@fischerspestcontrol.com
Pest Control,Pest Control ,Pest Control Solutions Inc,10620 Southern Highlands Pkwy,Las Vegas,NV,89141,702 272 2329,svach@pestcontrolsolutionsinc.com
Pest Control,Pest Control ,Bee Wise Pest Control,9030 W Sahara Ave,Las Vegas,NV,89117,702 743 0803,info@beewisepestcontrol.com
Pest Control,Pest Control ,Extreme Pest Control,848 N Rainbow Blvd,Las Vegas,NV,89107,702 490 0707,Extremepclv@gmail.com
Pest Control,Pest Control ,Pitbull Pest Control,,,,,702 400 1946,questions@pitbullpestcontrol.com
Pest Control,Pest Control ,Progressive Pest Control,6290 Harrison Dr,Las Vegas,NV,89120,702 438 9708,bugsandbirds@ppclv.com
Pest Control,Pest Control ,Select Services,5541 Cameron St,Las Vegas,NV,89118,702 566 2847,office@selectservices.vegas
Pest Control,Pest Control ,Stop Buggn Pest Control,5516 Boulder Hwy,Las Vegas,NV,89122,702 476 2844,stopbuggn@stopbuggn.vegas
Pest Control,Pest Control ,Bulwark Exterminating,2129 Industrial Rd,Las Vegas,NV,89102,702 470 0826,service@bulwarkpest.com
Pest Control,Pest Control ,ProChem ProActive,3651 Lindell,Las Vegas,NV,89103,702 636 8571,
Pest Control,Pest Control ,Affordable Pest Control,,,,,702 985 7664,info@affordablepestcontrolsn.com
Pest Control,Pest Control ,Mountain View Pest Contol,10300 W Charleston,Las Vegas,NV,89135,702 568 1857,info@mountainviewpestcontrol.com
Pest Control,Pest Control ,Pursuit Pest Control,7728 Dusty Lynx Ct,Las Vegas,NV,89139,702 508 0330,
Pest Control,Pest Control ,Pestinators,9775 S Maryland Pkwy,Las Vegas,NV,89183,702 629 3554,
Pest Control,Pest Control ,Vegas Bugs,3416 Helmsman Dr,North Las Vegas,NV,89032,702 539 2872,
Pest Control,Pest Control ,TruForce,5940 S Rainbow Rd,Las Vegas,NV,89118,702 323 5959,
Pest Control,Pest Control ,Provisions Pest Control,10624 S Eastern Ave,Henderson,NV,89052,702 726 7731,
Pest Control,Pest Control ,Southern Nevada Pest Control,4301 Production Ct,Las Vegas,NV,89115,702 644 0332,info@snvpest.com
Pest Control,Pest Control ,Valley View Pest Control,3798 Dusky Flycatcher St,Las Vegas,NV,89122,702 635 8008,
Pest Control,Pest Control ,Ace Pest Control,9360 W Flamingo Rd,Las Vegas,NV,89147,702 871 1211,
Pest Control,Pest Control ,Senske Pest Control,3400 W Desert Inn Rd,Las Vegas,NV,89102,702 251 5561,
Pest Control,Pest Control ,Beyond Pest Control,7322 S Rainbow Blvd Ste 206,Las Vegas,NV,89139,702 983 4284,
Pest Control,Pest Control ,Preventive Pest Control,2838 Marco St,Las Vegas,NV,89115,702 649 0019,ChrisL@preventivepest.com
Pest Control,Pest Control ,Bugs-B-Gone,10552 Bonchester Hill St,Las Vegas,NV,89141,702 361 6340,
Pest Control,Pest Control ,Sudden Impact Pest Control,,Las Vegas,NV,89126,702 477 0808,
Pest Control,Pest Control ,Agent Pest Control,,,,,702 336 0545,
Pest Control,Pest Control ,Enviro Guard,,,,,702 569 2849,
Pest Control,Pest Control ,Sintech Solutions Group,,Las Vegas,NV,89162,702 419 4573,
Pest Control,Pest Control ,Summerlin Pest Control,,Las Vegas,NV,89135,702 354 0661,ad_marker@2x.png
Pest Control,Pest Control ,Troys Pest Control,11238 Lavandou Dr,Las Vegas,NV,89141,702 407 8730,
Pest Control,Pest Control ,People First Pest Control,512 E Windmill Ln,Las Vegas,NV,89123,702 900 2847,PeopleFirstPest@gmail.com
Pest Control,Pest Control ,D-Termination,3003 Rigel Ave,Las Vegas,NV,89102,702 878 1002,Nathan@dtermination.com
Pest Control,Pest Control ,Buddies Exterminating LLC,4505 Del Monte Ave,Las Vegas,NV,89102,702 878 3998,
Pest Control,Pest Control ,Greenway Pest Services,,,,,702 834 9191,
Pest Control,Pest Control ,Enviro Safe Pest Control,5010 S Decatur Blvd,Las Vegas,NV,89118,702 385 1269,
Pest Control,Pest Control ,Toms Bee Hives,1128 Douglas Dr,Las Vegas,NV,89102,702 303 4517,tom@tomsbeehives.com
Pest Control,Pest Control ,Blue Ribbon Pest Services LLC,,Las Vegas,NV,89119,702 299 5467,
Pest Control,Pest Control ,Pest Control Inc.,3642 North Rancho Dr,Las Vegas,NV,89130,702 228 4394,
Pest Control,Pest Control ,Good Day Pest Control,6955 N Durango Dr,Las Vegas,NV,89149,702 515 1234,
Pest Control,Pest Control ,A-Atomic Pest Control,,,,,702 451 2002,
Pest Control,Pest Control ,New Solutions,445 Punto Vallata Dr,Henderson,NV,89011,702 551 2262,travis@nspestcontrol.com
